Unnamed: 0,Brand me,Ratings,RAM,ROM,Mobile_Size,Primary_Cam,Selfi_Cam,Battery_Power,Price,Gender 
0,"LG V30+ (Black, 128 )",4.3,4,128,6,48,13,4000,24999,Male
1,I Kall K11,3.4,6,64,4.5,48,12,4000,15999,Female
2,Nokia 105 ss,4.3,4,4,4.5,64,16,4000,15000,Female
3,"Samsung Galaxy A50 (White, 64 )",4.4,6,64,6.4,48,15,3800,18999,Male
4,"POCO F1 (Steel Blue, 128 )",4.5,6,128,6.18,35,15,3800,18999,Female
5,"Apple iPhone 11 Pro (Space Grey, 512 )",4.7,8,128,5.8,35,12,5000,140300,Male
6,"Samsung Galaxy A70s (Prism Crush Red, 128 )",4.4,8,128,6.7,64,5,4700,29999,Female
7,"Samsung Galaxy S10 Lite (Prism Blue, 512 )",4.5,8,128,6.7,48,12,4700,47999,Male
8,"OPPO A9 (Marble Green, 128 )",4.4,4,128,6.53,48,2,4020,16490,Female
9,"POCO F1 (Graphite Black, 256 )",4.5,8,256,6.18,35,5,3800,22999,Male
10,Megus Ultra,3.9,6,32,4.54,64,8,4100,1099,Female
11,Jmax M40 Coo of Two,3.8,6,32,4.5,64,8,1050,1299,Male
12,"Wizphone WP (Black, 16 )",,2,16,5.5,8,,4200,5498,Female
13,Easyfone Star,3.8,6,32,4.7,64,8,3000,3999,Male
14,"OnePlus 7 Pro (Nebula Blue, 256 )",4.5,8,256,6.67,48,8,3800,43999,Female
15,"OnePlus 7 Pro (Mirror Grey, 128 )",4.6,6,128,6.67,48,8,3800,42990,Male
16,Kechaoda A27,4.1,6,32,3.7,64,,4700,990,Female
17,"Samsung Galaxy S20+ (Cloud Blue, 128 )",4.5,8,128,6.7,64,1,4700,77999,Male
18,"Samsung Galaxy S10 Lite (Prism Black, 512 )",4.5,8,128,6.7,48,12,4700,47999,Female
19,"OPPO A5s (Red, 32 )",4.3,2,32,6.2,38,2,4230,12990,Male
20,InFocus POWER 2,4.1,8,64,4.54,64,,2500,1199,Female
21,Blacear I7 Trio,3.7,6,32,2,64,13,1550,1699,Male
22,Karbonn K451 Power,3.8,6,32,4.54,48,,3000,1349,Female
23,Micax X742,3.8,6,32,4.54,25,23,3000,1240,Male
24,Snexian Guru 332,,6,32,4.5,64,32,3000,649,Female
25,Snexian Guru 332,,6,32,4.5,64,13,3000,649,Male
26,Blacear i7 Trio,3.8,12,24,2,64,,1550,1690,Female
27,Karbonn K334,3.7,6,32,4.77,48,,1750,927,Male
28,Lava Prime X,4.1,,32,4.5,64,23,3000,1599,Female
29,I Kall K23 New Mobile,3.6,8,32,4.5,48,,3000,649,Male
30,InFocus Selfie C1,3.9,6,32,4.5,64,15,3000,999,Female
31,"LG G8X (Black, 128 )",4.5,6,128,6.4,35,13,3800,54990,Male
32,"Gee A1 (Grey, 64 )",4,4,64,5.5,38,1,4010,21499,Female
33,"Tecno Camon 15 Pro (Opal White, 128 )",4.2,6,128,6.53,48,2,3800,15999,Male
34,Lava A7,4.2,6,24,4.54,48,,1750,1799,Female
35,"Apple iPhone XR ((PRODUCT)RED, 128 )",4.6,12,128,6.1,35,7,3500,573000,Male
36,Micax X749,4.2,6,32,4.54,48,18,1750,1549,Female
37,Itel it2161,4,6,32,4.5,48,,3000,847,Male
38,Karbonn K-Pebble,3.9,12,12,4.54,48,13,3000,1579,Female
39,Karbonn KX21,3.9,6,32,4.54,48,5,3000,1330,Male
40,Inovu A9,3.6,6,32,4.54,38,,1200,945,Female
41,Inovu A9,3.6,6,32,4.54,38,0,1200,945,Male
42,"LG Q Stylus (Black, 32 )",3.8,3,32,6.2,48,8,3000,15899,Female
43,"OPPO R17 Pro (Emerald Green, 128 )",4.1,8,128,6.4,35,20,3000,31590,Male
44,Micax X516,3.9,6,32,4.77,48,,1750,1451,Female
45,"Meizu C9 Pro (Black, 32 )",4.1,3,32,5.4,38,5,3000,7490,Male
46,Jivi R21Plus,4.3,1,16,4.5,48,,3000,798,Female
47,Jivi R21Plus,4.3,1,16,4.5,48,2,3000,869,Male
48,Nokia 3310 DS,3.8,4,64,4.54,48,,1200,3580,Female
49,Lava 34 ,4,6,32,4.54,64,14,2500,1695,Male
50,Easyfone Amico,3.5,6,32,4.52,48,,3800,2599,Female
51,"Apple iPhone 11 Pro Max (Gold, 64 )",4.7,8,64,6.5,35,12,3000,117100,Male
52,"Samsung Galaxy S8 Plus (Midnight Black, 64 )",4.6,4,64,6.2,35,8,3500,53990,Female
53,"Black Shark 2 (Shadow Black, 128 )",4.4,6,128,6.39,48,12,3800,31999,Male
54,Karbonn K24 Plus Pro,3.8,6,32,4.54,48,,2800,1299,Female
55,InFocus POWER 2,4.1,8,64,4.54,64,13,2500,1390,Male
56,InFocus Vibe 1,3.6,6,32,4.5,48,,3000,898,Female
57,Blacear B5 Grip,3.5,6,32,4.5,64,17,1050,799,Male
58,"Apple iPhone 11 Pro (Space Grey, 256 )",4.7,12,256,5.8,35,12,3800,121300,Female
59,JIVI JV 12M,3.7,10,32,4.5,64,,3000,799,Male
60,"Alcatel 5V (Spectrum Blue, 32 )",4.4,3,32,6.2,48,1,3800,9790,Female
61,Kechaoda A32,3.8,6,32,4.4,48,,3000,930,Male
62,Kechaoda A32,3.8,6,32,4.4,48,,3000,930,Female
63,"Redmi Note 5 Pro (Gold, 64 )",4.5,6,64,5.99,35,5,3800,13999,Male
64,Salora Vishaal,3.8,6,32,4.54,64,,4100,1149,Female
65,"Redmi K20 (Flame Red, 128 )",4.5,6,128,6.39,48,13,3800,24999,Male
66,"Apple iPhone 8 (PRODUCT)RED (Red, 256 )",4.7,12,256,4.7,35,7,5000,56999,Female
67,"Apple iPhone 11 (Yellow, 64 )",4.7,8,64,6.1,35,12,3800,68300,Male
68,"Gee F103 Pro (Grey, 16 )",3.9,3,16,5,38,5,4200,8798,Female
69,"Gee F103 Pro (Gold, 16 )",3.9,3,16,5,38,5,4200,8990,Male
70,Easyfone Elite,4.1,6,32,4.54,48,,3000,3149,Female
71,JIVI 12M,3.6,1,32,4.5,48,10,3500,799,Male
72,Karbonn K2 Boom Box,3.9,6,32,4.5,48,,3000,999,Female
73,"Nexus 6P Special Edit (Gold, 64 )",4.3,3,64,5.7,35,18,3500,42998,Male
74,"OPPO F15 (Lightening Black, 128 )",4.4,8,128,6.4,48,8,3800,18990,Female
75,"Apple iPhone 11 Pro (Gold, 64 )",4.7,8,64,5.8,35,12,3500,106600,Male
76,Dublin D614,,6,64,4.54,48,,2800,649,Female
77,Karbonn KX23,4,6,32,4.54,48,,1900,1349,Male
78,"LG Q6 (Black, 32 )",4,3,32,5.5,38,5,3000,103000,Female
79,"OPPO K1 (Piano Black, 64 )",4.4,6,64,6.41,48,2,3600,18989,Male
80,"Redmi Note 7 Pro (Neptune Blue, 128 )",4.4,6,128,6.3,48,5,3800,17990,Female
81,Nokia 150/150 DS,4.2,4,4,4.54,48,,1020,1500,Male
82,Kechaoda K112,3.9,6,64,4.54,48,,3600,1799,Female
83,Itel it5260,,6,32,4.54,48,32,1900,1570,Male
84,"OPPO Reno2 (Ocean Blue, 256 )",4.5,8,256,6.5,48,8,3800,38990,Female
85,Jivi N9030,3.9,1,16,4.58,48,8,3000,1399,Male
86,Inovu A7,3.4,6,32,4.77,48,,3000,785,Female
87,Easyfone Udaan,4,6,32,4.77,48,,3000,2100,Male
88,"Gee S11 Lite (Gold, 32 )",4,4,32,5.7,38,2,3030,9999,Female
89,Nokia 105 Dual Sim 2017,4.2,4,4,4.5,64,,3500,1149,Male
90,Jivi N300 New,3.9,5,32,4.54,48,8,3000,1049,Female
91,Jivi N300 New,3.9,5,32,4.54,48,8,3000,999,Male
92,Micax X940,3.8,12,56,4.57,48,10,3000,1799,Female
93,Samsung Guru 1200,4.3,,64,4.4,64,,3500,1100,Male
94,Samsung Guru FM Plus,4.2,3,,,64,,3800,1790,Female
95,Ssky S9007 Rainbow,3.6,6,32,4.54,64,8,2800,1125,Male
96,Samsung Guru Music 2,4.3,,64,2,64,,3500,1625,Female
97,Q-Tel Q8,3.4,6,32,4.77,48,8,3000,559,Male
98,Ssky S-40 Prime,3.7,6,32,4.5,64,,3000,749,Female
99,"Redmi K20 Pro (Pearl White, 256 )",4.5,8,256,6.39,48,13,3800,29999,Male
100,"OPPO A3s (Purple, 32 )",4.3,3,32,6.2,38,2,4230,8990,Female
101,"OPPO A83 (Chaagne, 16 )",4.2,2,16,5.7,38,8,3180,9490,Male
102,"OPPO A5s (Black, 32 )",4.3,3,32,6.2,38,2,4230,9490,Female
103,"Vivo Y66 (Crown Gold, 32 )",4.3,3,32,5.5,38,1,3000,14990,Male
104,Micax X772,3.9,4,20,4.54,48,,3700,1499,Female
105,"Vivo V7 (Gold, 32 )",4.4,4,32,5.7,48,2,3000,18990,Male
106,"Vivo X21 (Black, 128 )",4.2,6,128,6.28,35,5,3200,36990,Female
107,I Kall K3310,3.7,6,64,4.5,48,,3000,649,Male
108,"Redmi K20 (Pearl White, 64 )",4.5,6,64,6.39,48,13,3800,21999,Female
109,GAMMA K 28,,6,32,4.5,48,,3000,1099,Male
110,GAMMA K2 no,3.9,6,32,4.8,48,,3000,940,Female
111,"Samsung Galaxy S20+ (Cosmic Black, 128 )",4.5,8,128,6.7,64,1,4700,77999,Male
112,Karbonn KX1,3.9,6,32,4.5,48,,3000,899,Female
113,"Redmi K20 (Carbon Black, 128 )",4.5,6,128,6.39,48,13,3800,24999,Male
114,"Mi A3 (More Than White, 128 )",4.2,6,128,6.08,48,8,4030,14990,Female
115,"Apple iPhone XR (Yellow, 128 )",4.6,12,64,6.1,35,7,3500,573000,Male
116,Kechaoda K9,4.1,6,64,4.54,48,,3700,1250,Female
117,Nokia 216/216 DS,4.3,4,64,4.54,48,20,1020,2450,Male
118,JIVI N3720 Power,4.1,1,16,4.58,48,8,3800,2299,Female
119,BlackZone Neo-B,4,6,32,4.77,48,8,1100,685,Male
120,Micax X707,3.6,6,2.4,,48,,3000,1190,Female
121,Lava One,4.1,6,25,4.54,48,12,3000,1369,Male
122,Muphone MU M360,4.3,6,32,4.4,64,,3000,960,Female
123,Micax Flash X910,3.7,4,40,4.58,48,8,3800,1799,Male
124,I Kall K3310,3.7,6,64,4.5,48,,3000,639,Female
125,I Kall K27 New,3.5,6,64,4.5,48,8,3000,639,Male
126,"OPPO A5s (Blue, 32 )",4.3,3,32,6.2,38,2,4230,13744,Female
127,Micax X412,3.9,6,32,4.77,64,,4600,1399,Male
128,I Kall K 15,3.5,6,64,4.5,48,12,3000,639,Female
129,"Vivo Y81 (Gold, 32 )",4.3,4,32,6.22,38,5,3260,13950,Male
130,Karbonn K49,3.8,6,32,4.54,48,,3500,1149,Female
131,"MI3 (Metallic Grey, 16 )",4.4,2,16,5,38,2,3050,13999,Male
132,Karbonn K Pebble,4,6,32,4.54,48,,3000,1690,Female
133,Grabo G100,3.7,8,64,4.5,48,5,3000,479,Male
134,Samsung Metro 313 Dual Sim,4.2,4,22,4.503,48,,3000,2025,Female
135,"Apple iPhone 11 Pro Max (Silver, 64 )",4.7,8,64,6.5,35,12,3500,117100,Male
136,"OPPO R17 (Aient Blue, 128 )",,8,128,6.4,48,,3500,22999,Female
137,"OPPO R17 (Neon Purple, 128 )",,8,128,6.4,48,5,3500,22999,Male
138,Salora Kiano,3.9,6,32,4.54,64,,1200,1299,Female
139,Samsung Guru GT,4.1,4,,4.4,64,,3500,1549,Male
140,"Redmi Note 8 (Cosmic Purple, 128 )",4.4,6,128,6.3,48,1,3800,153000,Female
141,MTR MT 310,3.7,8,64,4.5,48,6,3000,650,Male
142,Lava A7,4.2,6,24,4.54,48,,1750,1599,Female
143,I Kall K18 New Coo of Two Mobiles,3.6,6,64,4.5,48,4,3000,1199,Male
144,"Karbonn Titanium S4 (Black, 4 )",3.4,1,4,4.7,38,2,2800,13298,Female
145,MTR Mt312,3.6,8,64,4.77,48,,3000,650,Male
146,"Redmi Note 6 Pro (Black, 64 )",4.5,6,64,6.26,35,5,3800,17999,Female
147,"Samsung Galaxy A21s (White, 64 )",4.2,4,64,6.5,48,8,5000,16499,Male
148,"Nokia 7.2 (Charcoal, 64 )",4.2,6,64,6.3,48,5,3500,18099,Female
149,MTR Sima,4.2,8,64,4.77,48,,3000,699,Male
150,"Lava Z61 (Gold, 16 )",4.1,1,16,5.4,8,5,3000,6999,Female
151,MTR Ba,4.3,8,64,4.77,48,5,3000,649,Male
152,I Kall K73,3.2,6,64,4.5,64,8,3500,539,Female
153,Itel It 5605n,4.1,6,32,4.77,48,,2500,1099,Male
154,Karbonn K338N,3.7,6,32,4.54,38,16,3000,1299,Female
155,MTR Shakti,4.1,6,32,4.77,48,,3000,649,Male
156,I Kall K3312,3.5,6,64,4.5,48,8,3000,749,Female
157,MTR Shakti,4.1,6,32,4.5,48,16,3000,649,Male
158,"Honor 8X (Black, 128 )",4.4,6,128,6.5,40,2,3750,13699,Female
159,Karbonn K140 Pop,3.9,6,32,4.5,48,,3000,813,Male
160,GAMMA K1 no,3.8,6,32,44,48,8,3000,890,Female
161,"Vivo S1 (Diamond Black, 64 )",4.4,6,64,6.38,48,8,4700,18999,Male
162,Karbonn K19 Rock,3.9,6,32,4.5,48,,1750,999,Female
163,I Kall K22 New,3.6,6,64,4.5,48,,3000,649,Male
164,I Kall K3310 Coo Of Two Mobile,3.7,6,64,4.5,48,12,3000,1199,Female
165,Micax X773,3.8,25,25,4.54,48,,3000,1199,Male
166,Samsung Guru 1200,4.3,,64,4.4,64,8,3500,1200,Female
167,Tork T13 Ba,4.1,6,32,4.54,48,8,3000,899,Male
168,"Honor 9N (Midnight Black, 64 )",4.3,4,64,4.8,38,2,3000,15999,Female
169,Lava H1 Hero 600,4,12,24,4.5,48,,3500,799,Male
170,"Samsung Galaxy A80 (Phantom Black, 128 )",4.4,8,128,6.7,48,8,3000,52962,Female
171,I Kall K3312,3.5,6,64,4.5,48,20,3000,1299,Male
172,Inovu A7i,3.4,6,32,4.77,48,,3500,735,Female
173,"Alcatel 5V (Spectrum Black, 32 )",4.4,3,32,6.2,48,16,3800,12999,Male
174,"Mi A2 (Blue/Lake Blue, 64 )",4.2,4,64,5.99,40,12,3010,14990,Female
175,"Mi A3 (Not just Blue, 128 )",4.2,6,128,6.08,48,8,4030,17190,Male
176,"Samsung Galaxy S8 Plus (Maple Gold, 64 )",4.6,4,64,6.2,35,8,3500,53990,Female
177,InFocus VIBE 2,4.2,6,32,4.54,64,,3000,990,Male
178,"Realme C2 (Diamond Blue, 16 )",4.4,2,16,6.1,38,2,3800,6499,Female
179,"Honor 8X (Blue, 64 )",4.4,6,64,6.5,40,2,3750,19999,Male
180,I Kall K 2180 Coo of Two Mobiles,3.8,6,32,4.5,48,,3000,1199,Female
181,Lava A1 ,4.1,4,3,4.5,48,12,3000,949,Male
182,Itel It 2163,4,6,32,4.5,48,8,3500,948,Female
183,Callbar A35S,3.4,0,64,4.5,48,,3000,595,Male
184,Easyfone Elite,4.1,6,32,4.54,48,8,3000,3149,Female
185,"POCO F1 (Rosso Red, 64 )",4.5,6,64,6.18,35,5,3800,21999,Male
186,I Kall K55 Coo Of Two Mobile,3.5,6,64,4.5,48,16,3000,1199,Female
187,I Kall K55 Coo Of Two Mobile,3.5,6,64,4.5,48,,3000,1199,Male
188,"Yuho O1 (Onyx Black, 16 )",3.3,2,16,5,8,,2000,7199,Female
189,InFocus Hero Selfie C1,3.9,6,32,4.5,64,20,3000,950,Male
190,JIVI JV 12M,4,30,0,4.5,64,,3500,799,Female
191,"Vivo V17Pro (Glacier Ice White, 128 )",4.5,8,128,6.44,48,13,4100,253000,Male
192,Samsung Metro 313 Dual Sim,4.2,4,2,2,48,,3000,2025,Female
193,I Kall K25 New,3.5,6,64,4.5,48,20,3000,669,Male
194,Itel It2171,4.1,6,32,4.5,48,,3000,849,Female
195,Itel It2171,4.1,6,32,4.5,48,20,3000,850,Male
196,I Kall lk22 new,3.6,6,64,4.5,48,,3000,639,Female
197,Itel It 5022,4.1,6,32,4.54,48,20,3000,1199,Male
198,"Apple iPhone XS (Silver, 256 )",4.7,12,64,5.8,35,12,3500,84900,Female
199,"Honor 9N (Midnight Black, 128 )",4.3,4,128,5.84,38,2,3000,19999,Male
200,InFocus F229,4,6,32,4.54,48,,3000,1640,Female
201,GreenBerry 312,3.4,6,64,4.5,48,20,3000,599,Male
202,I Kall K3310 Coo Of Two Mobile,3.7,6,64,4.5,48,20,3000,1199,Female
203,"Vivo Y81 (Black, 32 )",4.4,3,32,6.1,38,5,3260,13990,Male
204,Mymax A12,4,6,32,4.5,64,,3000,599,Female
205,Intex Eco Selfie 2,3.9,34,64,4.5,48,21,3000,955,Male
206,"Samsung Galaxy S10e (Prism Black, 128 )",4.5,6,128,5.8,48,12,3100,59000,Female
207,I Kall K71 Coo Of Two Mobile,3.2,6,64,44,48,,3500,899,Male
208,Itel It 2190,4.1,6,32,4.5,48,20,3000,1111,Female
209,Itel It 2190,4.1,6,32,4.5,48,15,3000,1099,Male
210,Trio T6*,3.3,6,25,4.54,64,,3000,715,Female
211,MTR Sima,4.2,8,64,4.77,48,32,3000,749,Male
212,Itel IT5025,3.9,6,32,4.54,48,,1200,1199,Female
213,"Redmi 8A Dual (Midnight Grey, 64 )",4.3,3,64,6.22,38,2,5000,9998,Male
214,F-Fook F22,3.5,1,20,4.54,48,,2800,849,Female
215,"Vivo Y17 (Mystic Purple, 128 )",4.4,4,128,6.35,38,2,5000,13900,Male
216,Tork T13 Ba,4.1,6,32,4.54,48,5,3000,850,Female
217,Nokia 3310 DS,3.8,4,64,4.54,48,,1200,4399,Male
218,"Mi A3 (Kind of Grey, 128 )",4.2,6,128,6.08,48,8,4030,17398,Female
219,I Kall K11,3.4,6,64,4.5,48,5,3000,1099,Male
220,Ecotel E17,3.6,6,20,4.5,48,,3000,599,Female
221,"Honor 9N (Sapphire Blue, 128 )",4.3,4,128,5.84,38,2,3000,19999,Male
222,Heemax H10,,6,32,4.5,48,,2500,799,Female
223,"Apple iPhone XS (Silver, 512 )",4.7,8,64,5.8,35,12,3500,112450,Male
224,"OPPO F11 Pro (Aurora Green, 64 )",4.4,6,64,6.5,48,5,3800,24990,Female
225,I kall k6300 NEW,3.9,6,32,4.58,48,5,3000,1499,Male
226,"OPPO F9 Pro (Sunrise Red, 64 )",4.5,6,64,6.3,48,2,3500,19990,Female
227,Forme Turbo1,4.8,12,15,4.5,35,,2800,899,Male
228,Karbonn K5 Plus,4,6,32,4.5,38,32,1750,999,Female
229,Lava 34 ,3.9,8,64,4.54,64,32,2500,1710,Male
230,Heemax H1 Star,3.1,6,32,4.5,48,,3000,599,Female
231,I Kall K99 Coo Of Two Mobile,3.5,6,64,4.5,48,21,3000,1099,Male
232,"Vivo V7+ (Gold, 64 )",4.4,4,64,5.99,48,2,3225,22221,Female
233,Peace FM1,3.5,8,32,4.5,48,13,2500,799,Male
234,Itel It 2161,4,6,32,4.5,48,13,3500,899,Female
235,ITEL IT5025,3.9,6,32,4.54,48,,1200,1273,Male
236,MTR BA,4.3,8,64,4.77,48,,3000,649,Female
237,I Kall K88 Coo Of Two Mobile,3.5,6,64,4.5,48,12,3000,1099,Male
238,"Apple iPhone 8 Plus (Gold, 64 )",4.6,8,64,5.5,35,12,3500,49900,Female
239,"Samsung Galaxy Note 10 (Aura Black, 256 )",4.5,8,256,6.3,35,12,3500,75000,Male
240,"tecno Camon i Click (Gold, 64 )",4.4,4,64,6,48,,3750,11950,Female
241,Itel Muzik 3000,4.1,4,4,4.54,48,12,3000,1540,Male
242,I Kall K71 Coo of Two Mobile,3.2,6,64,44,48,,3500,899,Female
243,Lava A7,4.2,6,24,4.54,48,12,1750,1480,Male
244,I Kall K3310,3.7,6,64,4.5,48,,3000,639,Female
245,Forme Duos N2,4.1,6,32,4.5,48,0,1050,849,Male
246,Kechaoda K35,4,6,32,4.58,48,20,3700,1300,Female
247,I Kall K44 Coo of Two Mobiles,3.6,6,64,4.5,48,,3000,1199,Male
248,I Kall K11,3.4,6,64,4.5,48,14,3000,599,Female
249,MTR Mt310,3.8,8,64,4.77,48,,3000,649,Male
250,Mafe Leo,3.8,6,64,4.5,48,11,3500,870,Female
251,Karbonn k106s,,10,10,4.5,48,11,3000,920,Male
252,Ssky S3500,3,6,35,4.54,48,23,2800,949,Female
253,Itel It 2161,4,6,32,4.5,48,32,3500,998,Male
254,I Kall K20 New Coo of Two Mobiles,3.4,6,64,4.5,48,8,3000,1199,Female
255,Jivi Ba 6,3.9,6,32,4.54,48,0,3000,1200,Male
256,I Kall K28,3.4,6,64,4.54,20,8,3500,639,Female
257,Itel It2171,4.1,6,32,4.5,48,,3000,3000,Male
258,"Honor Play (Midnight Black, 64 )",4.5,6,64,6.3,48,2,3750,25999,Female
259,I Kall K20 New,3.5,6,64,4.5,48,8,3000,639,Male
260,I Kall K20 New,3.5,6,64,4.5,48,,3000,639,Female
261,Itel It 5605n,4.1,6,32,4.77,48,5,2500,1225,Male
262,Karbonn KX21,3.9,6,32,4.54,48,,3000,1049,Female
263,"I Kall K200 (Red, 16 )",3.5,2,16,5.5,5,5,2500,4999,Male
264,"Infinix Hot 9 (Ocean Wave, 64 )",4.6,4,64,6.6,38,2,5000,9499,Female
265,"Realme rzo 10 (That Green, 128 )",4.5,4,128,6.5,48,8,5000,11999,Male
266,"Realme rzo 10 (That White, 128 )",4.5,4,128,6.5,48,8,5000,11999,Female
267,"Realme rzo 10 (That Blue, 128 )",4.5,4,128,6.5,48,8,5000,11999,Male
268,"Redmi Note 8 Pro (Halo White, 128 )",4.4,6,128,6.53,64,8,4700,16999,Female
269,"Realme 6 (Comet White, 128 )",4.4,6,128,6.5,64,8,4700,16999,Male
270,"POCO X2 (Matrix Purple, 64 )",4.5,6,64,6.67,64,8,4700,17499,Female
271,"Realme 6 Pro (Lightning Blue, 64 )",4.5,6,64,6.6,64,12,4700,17999,Male
272,"OPPO A9 2020 (Marine Green, 128 )",4.4,4,128,6.5,48,8,5000,16990,Female
273,"Vivo U10 (Thunder Black, 32 )",4.4,3,32,6.35,38,8,5000,10990,Male
274,"Motorola One Fus+ (Twilight Blue, 128 )",4.5,6,128,6.5,64,8,5000,17499,Female
275,"Vivo U10 (Electric Blue, 32 )",4.4,3,32,6.35,38,8,5000,10990,Male
276,"OPPO A12 (Blue, 32 )",4.3,3,32,6.22,38,2,4230,9990,Female
277,"OPPO A12 (Black, 32 )",4.3,3,32,6.22,38,2,4230,9990,Male
278,"Tecno Spark Power 2 (Misty Grey, 64 )",4.3,4,64,7,48,5,6000,9999,Female
279,"Tecno Spark Power 2 (Ice Jadeite, 64 )",4.3,4,64,7,48,5,6000,9999,Male
280,"OPPO A31 (Fantasy White, 64 )",4.3,4,64,6.5,35,2,4230,12490,Female
281,"OPPO A9 2020 (Space Purple, 128 )",4.3,8,128,6.5,48,8,5000,15990,Male
282,"OPPO A5s (Blue, 32 )",4.3,2,32,6.2,38,2,4230,8990,Female
283,"Vivo Y15 (Aqua Blue, 64 )",4.4,4,64,6.35,38,2,5000,12900,Male
284,"Samsung Galaxy M01 (Black, 32 )",4.3,3,32,5.7,38,2,3800,9939,Female
285,"Vivo Y12 (Aqua Blue, 64 )",4.4,3,64,6.35,38,2,5000,12649,Male
286,"Samsung Galaxy M01 (Blue, 32 )",4.3,3,32,5.7,38,2,3800,9987,Female
287,I Kall K11,3.4,6,64,4.5,48,,3000,599,Male
288,Nokia 105 ss,4.3,4,4,4.5,64,,3500,3000,Female
289,"Samsung Galaxy A50 (White, 64 )",4.4,6,64,6.4,48,5,3800,18999,Male
290,"POCO F1 (Steel Blue, 128 )",4.5,6,128,6.18,35,5,3800,18999,Female
291,"Apple iPhone 11 Pro (Space Grey, 512 )",4.7,8,64,5.8,35,12,3500,140300,Male
292,"Samsung Galaxy A70s (Prism Crush Red, 128 )",4.4,8,128,6.7,64,5,4700,29999,Female
293,"Samsung Galaxy S10 Lite (Prism Blue, 512 )",4.5,8,128,6.7,48,12,4700,47999,Male
294,"OPPO A9 (Marble Green, 128 )",4.4,4,128,6.53,48,2,4020,16490,Female
295,"POCO F1 (Graphite Black, 256 )",4.5,8,256,6.18,35,5,3800,22999,Male
296,Megus Ultra,3.9,6,32,4.54,64,,4100,1099,Female
297,Jmax M40 Coo of Two,3.8,6,32,4.5,64,,1050,1299,Male
298,"Wizphone WP (Black, 16 )",,2,16,5.5,8,8,4200,5498,Female
299,Easyfone Star,3.8,6,32,4.7,64,,4300,3999,Male
300,"OnePlus 7 Pro (Nebula Blue, 256 )",4.5,8,256,6.67,48,8,3800,43999,Female
301,"OnePlus 7 Pro (Mirror Grey, 128 )",4.6,6,128,6.67,48,8,3800,42990,Male
302,Kechaoda A27,4.1,6,32,3.7,64,,3500,990,Female
303,"Samsung Galaxy S20+ (Cloud Blue, 128 )",4.5,8,128,6.7,64,1,4700,77999,Male
304,"Samsung Galaxy S10 Lite (Prism Black, 512 )",4.5,8,128,6.7,48,12,4700,47999,Female
305,"OPPO A5s (Red, 32 )",4.3,2,32,6.2,38,2,4230,12990,Male
306,InFocus POWER 2,4.1,8,64,4.54,64,,2500,1199,Female
307,Blacear I7 Trio,3.7,6,32,2,64,,1550,1699,Male
308,Karbonn K451 Power,3.8,6,32,4.54,48,8,3000,1349,Female
309,Micax X742,3.8,6,32,4.54,25,,3000,1240,Male
310,Snexian GURU 106,,6,32,4.5,25,8,1080,649,Female
311,Snexian Guru 106,,6,32,4.5,25,8,1080,649,Male
312,Micax X512,3.9,4,24,4.77,48,8,1750,984,Female
313,Kechaoda K10,4,6,32,3.7,16,8,3000,975,Male
314,Kechaoda K66 Plus,4.1,6,64,4.5,48,,3000,985,Female
315,"Redmi K20 Pro (Carbon Black, 128 )",4.5,6,128,6.39,48,13,3800,24999,Male
316,Micax X809,3.9,6,32,4.54,25,,3000,1329,Female
317,I Kall K6610,3.5,6,64,4.5,48,,3000,599,Male
318,"OnePlus 7T (Glacier Blue, 256 )",4.6,8,256,6.55,48,1,3000,38050,Female
319,"OnePlus 7T (Frosted Silver, 128 )",4.6,8,128,6.55,48,1,3000,37319,Male
320,"Apple iPhone 7 Plus (Gold, 32 )",4.5,6,64,5.5,35,12,3500,36999,Female
321,"Realme X2 Pro (Lur White, 128 )",4.5,8,128,6.5,64,13,3800,31999,Male
322,"Realme X2 Pro (Lur White, 256 )",4.6,12,25,6.5,64,13,3800,35999,Female
323,"Realme X2 Pro (Neptune Blue, 128 )",4.5,8,128,6.5,64,13,3800,31999,Male
324,"Honor 9X (Sapphire Blue, 128 )",4.4,6,128,6.59,48,8,3800,16999,Female
325,"Vivo Y91i (Black, 32 )",4.4,2,32,6.22,38,5,4030,8996,Male
326,"Samsung Galaxy M31 (Space Black, 128 )",4.5,6,128,6.4,64,8,6000,19900,Female
327,"iQOO 3 (Tordo Black, 128 )",4.4,8,128,6.44,48,13,4440,34990,Male
328,Lava One,4.1,6,32,4.54,48,,3000,1699,Female
329,Easyfone Star,3.8,6,32,4.7,64,,3500,3999,Male
330,Easyfone Star,3.8,6,32,4.7,64,5,3000,3999,Female
331,"Samsung Galaxy A20s (Blue, 64 )",4.3,4,64,6.5,38,8,3800,14999,Male
332,"Vivo V17 (Glacier ice white, 128 )",4.5,8,128,6.44,48,8,4700,24990,Female
333,"Apple iPhone 11 (Red, 64 )",4.7,8,64,6.1,35,12,5000,68300,Male
334,Kechaoda K66 Plus,4.1,6,32,4.4,48,,2500,985,Female
335,Kechaoda K10,4,6,32,3.7,16,,3000,980,Male
336,BlackZone ATOM,3,8,64,4.54,48,,3800,899,Female
337,"Vivo S1 (Diamond Black, 128 )",4.5,4,128,6.38,48,8,4700,16990,Male
338,Kechaoda K115,4.1,6,32,4.4,48,,2500,935,Female
339,"Apple iPhone 8 (Space Grey, 64 )",4.5,8,64,4.7,35,7,5000,38999,Male
340,Kechaoda A27,4.1,6,32,3.7,64,,5000,930,Female
341,Kechaoda A27,4.1,6,32,3.7,64,5,3500,980,Male
342,"Samsung Galaxy Note10 Lite (Aura Black, 128 )",4.5,8,128,6.7,35,12,4700,39999,Female
343,"Nokia 3.2 (Black, 32 )",4.1,3,32,6.26,38,,3800,9999,Male
344,"Samsung Galaxy A21s (White, 64 )",4.3,6,64,6.5,48,8,5000,18499,Female
345,Micax X421,3.9,6,32,4.77,48,,2800,1099,Male
346,Micax X421,3.9,6,32,4.77,48,5,2800,982,Female
347,Blacear B5 Tork,,8,64,4.5,16,,3000,799,Male
348,"iQOO 3 (Quantum Silver, 128 )",4.4,8,128,6.44,48,13,4440,34990,Female
349,"iQOO 3 (Quantum Silver, 256 )",4.4,8,256,6.44,48,13,4440,37990,Male
350,"Vivo Y91i (Black, 32 )",4.3,3,32,6.22,38,,4030,10169,Female
351,Samsung Guru 1200,4.3,,64,4.4,64,,3500,1346,Male
352,"Redmi Note 8 Pro (Electric Blue, 64 )",4.4,6,64,6.53,64,8,4700,16899,Female
353,"Google Pixel 3a (Clearly White, 64 )",4.5,4,64,5.6,35,20,3000,30999,Male
354,Salora VOLT 2,3.9,6,32,4.5,64,,2000,749,Female
355,"Samsung Galaxy A21s (Black, 64 )",4.3,6,64,6.5,48,8,5000,18499,Male
356,Good One Magic,4.1,6,32,4.7,48,5,3000,1499,Female
357,Karbonn K140 Pop,3.9,6,32,4.5,48,5,3000,849,Male
358,Lava A1 ,4,6,32,4.5,48,5,3000,1049,Female
359,Detel D1 Cha,3.7,6,32,4.5,48,,3000,649,Male
360,"Mi Mix 2 (Black, 128 )",4.3,6,128,5.99,35,5,3700,16999,Female
361,"Vivo V19 (Piano Black, 256 )",4.4,8,256,6.44,48,8,4700,31990,Male
362,Hicell C5,3.6,6,64,4.5,48,,3500,629,Female
363,Kechaoda K33,4.1,6,32,44,48,5,3000,970,Male
364,"Samsung Galaxy Note10 Lite (Aura Glow, 128 )",4.5,8,128,6.7,35,12,4700,39999,Female
365,Karbonn KX24,3.9,6,32,4.54,48,,3000,1349,Male
366,Micax X1i Power,3.9,6,32,4.54,48,5,1750,1110,Female
367,Kechaoda K-55 Plus,4,8,,4.77,48,,2500,1045,Male
368,"Honor 20 (Midnight Black, 128 )",4.4,6,128,6.26,48,2,3750,22999,Female
369,I Kall K34 New,3.6,6,64,4.5,48,,3000,649,Male
370,"OPPO Reno3 Pro (Midnight Black, 128 )",4.4,8,128,6.4,64,13,4025,29990,Female
371,"Samsung Galaxy A71 (Prism Crush Black, 128 )",4.4,8,128,6.7,64,12,4700,32999,Male
372,"Redmi K20 Pro (Pearl White, 128 )",4.5,6,128,6.39,48,13,3000,24999,Female
373,I Kall K6610,3.5,6,64,4.5,48,5,3000,599,Male
374,Nokia 150,4.2,4,4,4.54,48,,1020,2135,Female
375,"iQOO 3 (5G) (Tordo Black, 256 )",4.4,12,25,6.44,48,13,4440,44990,Male
376,"OPPO Reno 10x Zoom (Ocean Green, 256 )",4.5,8,256,6.6,48,13,4065,41990,Female
377,Blacear B5 Nex,3.7,8,64,4.5,64,,1050,799,Male
378,"Realme 2 Pro (Black Sea, 128 )",4.5,8,128,6.3,48,2,3500,15490,Female
379,Hicell C2 Dezire,3.4,6,32,4.5,48,5,1050,629,Male
380,"Realme X2 Pro (Neptune Blue, 64 )",4.5,6,64,6.5,64,13,3800,29999,Female
381,Hicell C2 Dezire,3.4,6,32,4.5,48,,1050,629,Male
382,"Vivo V19 (Mystic Silver, 256 )",4.4,8,256,6.44,48,8,4700,31990,Female
383,"OnePlus 7T Pro (Haze Blue, 256 )",4.6,8,256,6.67,48,1,4085,46970,Male
384,Micax X750,4.2,6,32,4.54,48,5,2500,1259,Female
385,Lava 34 Plus,4.2,6,32,4.54,64,,2500,1619,Male
386,"Redmi Note 6 Pro (Red, 64 )",4.5,4,64,6.26,35,5,3000,14995,Female
387,Nokia 106,4.2,4,4,4.5,64,5,3500,1349,Male
388,Blacear C-99 Sultan,3.6,8,64,4.54,64,5,2500,1079,Female
389,Easyfone Royale,4.1,6,32,4.54,48,20,3500,3399,Male
390,Kechaoda K115,4.1,6,32,4.4,48,12,2500,970,Female
391,Kechaoda A27,4.1,6,32,3.7,64,12,3500,945,Male
392,Karbonn K9 SPY,3.9,4,64,4.54,64,,1750,1399,Female
393,"OPPO A9 2020 (Vanilla Mint, 128 )",4.3,8,128,6.52,48,8,5000,15990,Male
394,I Kall K33 New,3.7,6,64,4.54,48,12,1500,749,Female
395,Kechaoda K116 Plus,4,6,32,4.77,48,12,3800,980,Male
396,"OPPO F11 Pro (Aurora Green, 128 )",4.4,6,128,6.5,48,5,3800,17990,Female
397,Lava Gem,4.3,6,32,4.58,64,12,1750,1799,Male
398,MTR Ferrari,4.1,8,64,4.77,48,,3800,1275,Female
399,MTR Ferrari,4.1,8,64,4.77,48,8,5000,1275,Male
400,MTR Ferrari,4.1,8,64,4.77,48,,3000,1275,Female
401,Itel IT 2163,4,6,32,4.5,48,12,3000,949,Male
402,"Google Pixel 3a (Just Black, 64 )",4.5,4,64,5.6,35,20,3000,30999,Female
403,"Samsung Galaxy M31 (Ocean Blue, 128 )",4.5,6,128,6.4,64,8,6000,19900,Male
404,BlackZone M4,3.8,6,32,4.4,48,,2500,705,Female
405,BlackZone M4,3.8,6,32,4.4,48,12,2500,705,Male
406,"Lava Z41 (Aer Red, 16 )",4.1,1,16,5,5,2,2500,5049,Female
407,"Redmi K20 (Carbon Black, 64 )",4.5,6,64,6.39,48,13,3800,21999,Male
408,"Apple iPhone 7 Plus (Rose Gold, 32 )",4.5,6,64,5.5,35,12,3500,36999,Female
409,Karbonn k24+,3.8,6,32,4.54,48,12,2800,1149,Male
410,Itel Magic 1,4.2,6,32,4.54,48,20,1200,1499,Female
411,Salora Volt 2,3.9,6,32,4.5,64,12,2000,749,Male
412,Lava A7 Wave,4.2,8,51,4.54,48,,1750,1599,Female
413,"OPPO Reno3 Pro (Sky White, 128 )",4.4,8,128,6.4,64,13,4025,29990,Male
414,"OPPO Reno3 Pro (Auroral Blue, 128 )",4.4,8,128,6.4,64,13,4025,29990,Female
415,Jivi N3,3.7,0,64,4.54,64,,3500,949,Male
416,Kechaoda A27,4.1,6,32,3.7,64,15,3500,970,Female
417,I Kall K25 New,3.5,6,64,4.5,48,,3000,649,Male
418,"Redmi Note 6 Pro (Rose Gold, 64 )",4.5,6,64,6.26,35,5,3000,16675,Female
419,Micax X381,3.8,6,32,4.77,48,15,3000,959,Male
420,Micax X381,3.8,6,32,4.77,48,15,3000,995,Female
421,"Vivo S1 (Skyline Blue, 64 )",4.4,6,64,6.38,48,8,4700,18990,Male
422,Salora Coral,3.7,6,32,4.54,64,,2800,899,Female
423,Kechaoda K33,4.1,6,32,44,48,15,3000,935,Male
424,Kechaoda K33,4.1,6,32,44,48,15,3000,970,Female
425,Kechaoda K33,4.1,6,32,44,48,15,3000,940,Male
426,"Vivo Y15 (Burgundy Red, 64 )",4.4,4,64,6.35,38,2,5000,12900,Female
427,Lava 34 ,4,6,32,4.54,64,,2500,1699,Male
428,I Kall K28 Coo of Two Mobiles,3.4,6,64,4.54,20,,3500,1299,Female
429,"OnePlus 7 Pro (Nebula Blue, 256 )",4.5,8,256,6.67,48,8,3800,42990,Male
430,"OnePlus 7 Pro (Mirror Grey, 128 )",4.6,6,128,6.67,48,8,3800,42990,Female
431,"Lenovo A5 (Black, 32 )",4,3,32,5.4,38,8,3800,7999,Male
432,"Samsung Galaxy S20+ (Cloud Blue, 128 )",4.5,8,128,6.7,64,1,4700,77999,Female
433,Blacear I7 Trio,3.7,6,32,2,64,16,1550,1699,Male
434,Karbonn K451 Power,3.8,6,32,4.54,48,16,3000,1349,Female
435,Lava A3,4.2,4,3,4.77,48,,1750,1299,Male
436,"Apple iPhone 11 Pro (Silver, 512 )",4.7,8,64,5.8,35,12,5000,140300,Female
437,"Samsung Galaxy S10 (Prism White, 512 )",4.6,8,128,6.1,48,12,3000,563000,Male
438,Lava A1,4.2,12,24,4.77,48,,3000,1149,Female
439,"OnePlus 6T (Speed Orange, 256 )",4.1,10,25,6.41,48,2,3000,39999,Male
440,"Micax Canvas Infinity (Black, 32 )",4.1,3,32,5.7,38,1,2900,9990,Female
441,Lava A1 Josh,4.2,4,64,4.5,64,,3500,1098,Male
442,Lava A1 Josh,4.2,4,64,4.5,64,16,3000,1099,Female
443,I Kall K3312 Coo,3.5,6,64,4.5,48,16,3000,1199,Male
444,Micax X749,4.2,6,32,4.54,48,61,1750,1390,Female
445,Blacear i7 Trio,3.8,12,24,2,64,,1550,1690,Male
446,Karbonn K334,3.7,6,32,4.77,48,,1750,927,Female
447,"Vivo V15 Pro (Ruby Red, 128 )",4.5,6,128,6.39,48,32,3000,21099,Male
448,"Apple iPhone 7 Plus (Silver, 32 )",4.5,6,64,5.5,35,12,3500,36999,Female
449,Snexian Guru 332,,6,32,4.5,64,,3000,649,Male
450,Snexian Guru 332,,6,32,4.5,64,,3000,649,Female
451,Lava Prime X,4.1,6,32,4.5,64,8,3000,1599,Male
452,I Kall K23 New Mobile,3.6,8,32,4.5,48,8,3000,649,Female
453,Lava A7,4.2,6,24,4.54,48,8,1750,1799,Male
454,"Apple iPhone XR ((PRODUCT)RED, 128 )",4.6,12,64,6.1,35,7,3500,573000,Female
455,Micax X749,4.2,6,32,4.54,48,5,1750,1549,Male
456,Karbonn K-Pebble,3.9,12,12,4.54,48,5,3000,1579,Female
457,Karbonn KX21,3.9,6,32,4.54,48,,3000,1330,Male
458,"OPPO R17 Pro (Emerald Green, 128 )",4.1,8,128,6.4,35,20,3000,31590,Female
459,Inovu A9,3.6,6,32,4.54,38,20,1200,945,Male
460,Inovu A9,3.6,6,32,4.54,38,0,1200,945,Female
461,"LG Q Stylus (Black, 32 )",3.8,3,32,6.2,48,8,3000,15899,Male
462,"Meizu C9 Pro (Black, 32 )",4.1,3,32,5.4,38,5,3000,7490,Female
463,Micax X516,3.9,6,32,4.77,48,,1750,1451,Male
464,Jivi R21Plus,4.3,1,16,4.5,48,8,3000,869,Female
465,Jivi R21Plus,4.3,1,16,4.5,48,8,3000,798,Male
466,Snexian Guru 324,,6,32,4.5,64,,3000,649,Female
467,Kechaoda K2,3.9,6,32,4.5,48,11,3000,900,Male
468,Snexian Guru 324,,6,32,4.5,64,,3000,649,Female
469,Nokia 105 SS,4.3,4,4,4.77,64,11,3500,1349,Male
470,"Moto One (White, 64 )",4.1,4,64,5.9,38,2,3000,14999,Female
471,"LG Q7+ (Black, 64 )",3.4,4,64,5.5,48,5,3000,13999,Male
472,"Vivo V17Pro (Midnight Ocean Black, 128 )",4.5,8,128,6.44,48,13,4100,29499,Female
473,Nokia 105,4.2,4,4,4.5,64,13,3500,1599,Male
474,"Vivo Y91i (Ocean Blue, 16 )",4.4,2,16,6.22,38,5,4030,9350,Female
475,"Samsung Galaxy A50 (Blue, 64 )",4.4,6,64,6.4,48,5,3800,18999,Male
476,Lava 34 ,4,6,32,4.54,64,,2500,1695,Female
477,Nokia 3310 DS,3.8,4,64,4.54,48,,1200,3580,Male
478,"Apple iPhone 11 Pro Max (Gold, 64 )",4.7,8,64,6.5,35,12,3500,117100,Female
479,"Samsung Galaxy S8 Plus (Midnight Black, 64 )",4.6,4,64,6.2,35,8,3500,53990,Male
480,"Black Shark 2 (Shadow Black, 128 )",4.4,6,128,6.39,48,12,3800,31999,Female
481,InFocus Vibe 1,3.6,6,32,4.5,48,,3000,898,Male
482,Karbonn K24 Plus Pro,3.8,6,32,4.54,48,,2800,1299,Female
483,"Alcatel 5V (Spectrum Blue, 32 )",4.4,3,32,6.2,48,1,3800,9790,Male
484,JIVI JV 12M,3.7,10,32,4.5,64,,3500,799,Female
485,Blacear B5 Grip,3.5,6,32,4.5,64,14,1050,799,Male
486,Kechaoda A32,3.8,6,32,4.4,48,14,3000,930,Female
487,Kechaoda A32,3.8,6,32,4.4,48,,3000,930,Male
488,"Redmi Note 5 Pro (Gold, 64 )",4.5,6,64,5.99,35,5,3800,13999,Female
489,"Apple iPhone 8 (PRODUCT)RED (Red, 256 )",4.7,12,64,4.7,35,7,3500,56999,Male
490,"Apple iPhone 11 (Yellow, 64 )",4.7,8,64,6.1,35,12,3500,68300,Female
491,Easyfone Elite,4.1,6,32,4.54,48,20,3000,3149,Male
492,JIVI 12M,3.6,1,32,4.5,48,,3500,799,Female
493,Lava GEM,4.2,8,,4.58,64,,1750,1840,Male
494,"Samsung Galaxy A9 (Bubblegum Pink, 128 )",4.4,6,128,6.3,26,5,3000,27999,Female
495,Ssky K-2,3.6,6,35,4.5,64,,1050,849,Male
496,"Vivo V9 (Pearl Black (Golden Line), 64 )",4.5,4,64,6.3,48,5,3260,23990,Female
497,"Vivo NEX (Black, 128 )",4.2,8,128,6.59,35,5,3800,29990,Male
498,"Honor 9 Lite (Sapphire Blue, 32 )",4.3,3,32,5.65,38,2,3000,13999,Female
499,"Samsung Galaxy S20+ (Cosmic Gray, 128 )",4.5,8,128,6.7,64,1,4700,77999,Male
500,"Apple iPhone XR (Coral, 128 )",4.6,12,64,6.1,35,7,3500,573000,Female
501,"Lenovo VIBE P1 (Grey, 32 )",4.1,2,32,5.5,38,5,4900,15999,Male
502,Ssky S-20 Eco,3.8,6,64,4.5,64,,3000,749,Female
503,Ssky S-20 Eco,3.8,6,64,4.5,64,,3000,749,Male
504,"Redmi Note 7S (Sapphire Blue, 32 )",4.4,3,32,6.3,48,5,3800,9999,Female
505,Karbonn K2 Boom Box,3.9,6,32,4.5,48,,3000,999,Male
506,"Apple iPhone 11 Pro (Gold, 64 )",4.7,8,64,5.8,35,12,3500,106600,Female
507,"Nexus 6P Special Edit (Gold, 64 )",4.3,3,64,5.7,35,20,3500,42998,Male
508,"Vivo Y19 (Spring White, 128 )",4.4,4,128,6.53,48,8,5000,16299,Female
509,Dublin D614,,6,64,4.54,48,,2800,649,Male
510,Lava A1,4.2,12,24,4.77,48,,5000,3000,Female
511,"OPPO A1K (Red, 32 )",4.3,2,32,6.1,8,5,3800,8490,Male
512,"OPPO K1 (Piano Black, 64 )",4.4,6,64,6.41,48,13,3600,18989,Female
513,Itel it5260,,6,32,4.54,48,13,1900,1570,Male
514,Kechaoda K112,3.9,6,64,4.54,48,,3600,1799,Female
515,"Gee S11 Lite (Gold, 32 )",4,4,32,5.7,38,2,3030,9999,Male
516,Nokia 105 Dual Sim 2017,4.2,4,4,4.5,64,,3500,1149,Female
517,Jivi N300 New,3.9,5,32,4.54,48,8,3000,999,Male
518,Jivi N300 New,3.9,5,32,4.54,48,8,3000,1049,Female
519,Jivi N9030,3.9,1,16,4.58,48,8,3000,1399,Male
520,"OPPO Reno2 (Ocean Blue, 256 )",4.5,8,256,6.5,48,8,3800,38990,Female
521,Easyfone Udaan,4,6,32,4.77,48,,3000,2100,Male
522,Micax X940,3.8,12,56,4.57,48,13,3000,1799,Female
523,Samsung Guru 1200,4.3,,64,4.4,64,13,3500,1100,Male
524,"Realme 3 Pro (Nitro Blue, 64 )",4.5,6,64,6.3,48,5,4045,15999,Female
525,Karbonn KX21,3.9,6,32,4.54,48,13,3000,1330,Male
526,Micax X749,4.2,6,32,4.54,48,13,1750,1549,Female
527,Itel it2161,4,6,32,4.5,48,13,3000,847,Male
528,Karbonn K-Pebble,3.9,12,12,4.54,48,,3000,1579,Female
529,Inovu A9,3.6,6,32,4.54,38,20,1200,945,Male
530,Inovu A9,3.6,6,32,4.54,38,0,1200,945,Female
531,"LG Q Stylus (Black, 32 )",3.8,3,32,6.2,48,8,3000,15899,Male
532,"OPPO R17 Pro (Emerald Green, 128 )",4.1,8,128,6.4,35,20,3000,31590,Female
533,Micax X516,3.9,6,32,4.77,48,,1750,1451,Male
534,"Moto One (White, 64 )",4.1,4,64,5.9,38,2,3000,14999,Female
535,"Meizu C9 Pro (Black, 32 )",4.1,3,32,5.4,38,5,3000,7490,Male
536,Jivi R21Plus,4.3,1,16,4.5,48,8,3000,869,Female
537,Jivi R21Plus,4.3,1,16,4.5,48,8,3000,798,Male
538,"OPPO A5s (Gold, 64 )",4.3,4,64,6.2,38,2,4230,15656,Female
539,Gfive U229 Coo of Two,3.9,6,32,4.5,64,,3000,1089,Male
540,Snexian Guru 324,,6,32,4.5,64,15,3000,649,Female
541,Kechaoda K2,3.9,6,32,4.5,48,15,3000,900,Male
542,Snexian Guru 324,,6,32,4.5,64,,3000,649,Female
543,Nokia 105,4.2,4,4,4.5,64,13,3500,1575,Male
544,"Redmi K20 (Glacier Blue, 128 )",4.5,6,128,6.39,48,13,3800,24999,Female
545,Nokia 105 SS,4.3,4,4,4.77,64,,3500,1349,Male
546,"LG Q7+ (Black, 64 )",3.4,4,64,5.5,48,5,3000,13999,Female
547,Jivi N3,4.1,6,32,4.54,64,20,3500,949,Male
548,Lava 34 ,4,6,32,4.54,64,,2500,1695,Female
549,Karbonn K24 Plus Pro,3.8,6,32,4.54,48,,2800,1299,Male
550,"Apple iPhone 11 Pro (Space Grey, 256 )",4.7,12,64,5.8,35,12,3500,121300,Female
551,JIVI JV 12M,3.7,10,32,4.5,64,,3500,799,Male
552,"Alcatel 5V (Spectrum Blue, 32 )",4.4,3,32,6.2,48,1,3800,9790,Female
553,Blacear B5 Grip,3.5,6,32,4.5,64,,1050,799,Male
554,"Redmi Note 5 Pro (Gold, 64 )",4.5,6,64,5.99,35,5,3800,13999,Female
555,Kechaoda A32,3.8,6,32,4.4,48,,3800,930,Male
556,Kechaoda A32,3.8,6,32,4.4,48,32,3800,930,Female
557,"Redmi K20 (Flame Red, 128 )",4.5,6,128,6.39,48,13,3800,24999,Male
558,Salora Vishaal,3.8,6,32,4.54,64,23,4100,1149,Female
559,"Apple iPhone 8 (PRODUCT)RED (Red, 256 )",4.7,12,64,4.7,35,7,3500,56999,Male
560,"Gee F103 Pro (Grey, 16 )",3.9,3,16,5,38,5,2500,8798,Female
561,"Gee F103 Pro (Gold, 16 )",3.9,3,16,5,38,5,4200,8990,Male
562,"Apple iPhone 11 (Yellow, 64 )",4.7,8,64,6.1,35,12,3500,68300,Female
563,Easyfone Elite,4.1,6,32,4.54,48,20,3000,3149,Male
564,Lava PRIME Z,4.1,6,32,4.54,64,,1200,1599,Female
565,"Apple iPhone 8 Plus (Gold, 256 )",4.6,12,64,5.5,35,12,3500,67820,Male
566,Lava GEM,4.2,8,64,4.58,64,,1750,1840,Female
567,JIVI 12M,3.6,1,32,4.5,48,,3500,799,Male
568,Ssky K-2,3.6,6,35,4.5,64,,1050,849,Female
569,"Samsung Galaxy A9 (Bubblegum Pink, 128 )",4.4,6,128,6.3,26,5,3000,27999,Male
570,"Honor 9 Lite (Sapphire Blue, 32 )",4.3,3,32,5.65,38,2,3000,13999,Female
571,"Vivo V9 (Pearl Black (Golden Line), 64 )",4.5,4,64,6.3,48,5,3260,23990,Male
572,"Vivo NEX (Black, 128 )",4.2,8,128,6.59,35,5,3800,29990,Female
573,Gfive Guru,3.7,12,64,4.5,48,,1050,699,Male
574,Micax X512,3.9,4,24,4.77,48,,1750,984,Female
575,Snexian GURU 106,,6,32,4.5,25,,1080,649,Male
576,"Samsung Galaxy A51 (Prism Crush White, 128 )",4.4,6,128,6.4,48,12,3800,25250,Female
577,Snexian Guru 106,,6,32,4.5,25,,1080,649,Male
578,Kechaoda K10,4,6,32,3.7,16,,3000,975,Female
579,Micax X809,3.9,6,32,4.54,25,,3000,1329,Male
580,"Redmi K20 Pro (Carbon Black, 128 )",4.5,6,128,6.39,48,13,3000,24999,Female
581,Kechaoda K66 Plus,4.1,6,64,4.5,48,,3000,985,Male
582,"OnePlus 7T (Glacier Blue, 256 )",4.6,8,256,6.55,48,1,3000,38050,Female
583,"OnePlus 7T (Frosted Silver, 128 )",4.6,8,128,6.55,48,1,3000,37319,Male
584,I Kall K6610,3.5,6,64,4.5,48,,3000,599,Female
585,"Apple iPhone 7 Plus (Gold, 32 )",4.5,6,64,5.5,35,12,3500,36999,Male
586,"Realme X2 Pro (Lur White, 256 )",4.6,12,25,6.5,64,13,3800,35999,Female
587,"Realme X2 Pro (Lur White, 128 )",4.5,8,128,6.5,64,13,3800,31999,Male
588,"Realme X2 Pro (Neptune Blue, 128 )",4.5,8,128,6.5,64,13,3800,31999,Female
589,"Vivo Y91i (Black, 32 )",4.4,2,32,6.22,38,5,4030,8995,Male
590,Micax X412,3.9,6,32,4.77,25,,3000,899,Female
591,"Samsung Galaxy M31 (Space Black, 128 )",4.5,6,128,6.4,64,8,6000,19900,Male
592,"OPPO A9 2020 (Marine Green, 128 )",4.4,4,128,6.5,48,8,5000,16990,Female
593,"Apple iPhone 6s (Space Grey, 32 )",4.5,6,64,4.7,35,5,3500,28999,Male
594,"iQOO 3 (Tordo Black, 128 )",4.4,8,128,6.44,48,13,4440,34990,Female
595,"Nokia 2.3 (Charcoal, 32 )",4,2,32,6.2,38,2,3800,9989,Male
596,Lava One,4.1,6,32,4.54,48,5,3000,1699,Female
597,Easyfone Star,3.8,6,32,4.7,64,5,5000,3999,Male
598,Easyfone Star,3.8,6,32,4.7,64,,3400,3999,Female
599,"Vivo V17 (Glacier ice white, 128 )",4.5,8,128,6.44,48,8,4700,24990,Male
600,"Apple iPhone 11 (Red, 64 )",4.7,8,64,6.1,35,12,3500,68300,Female
601,Kechaoda K66 Plus,4.1,6,32,4.4,48,,2500,985,Male
602,Kechaoda K10,4,6,32,3.7,16,23,3000,980,Female
603,BlackZone ATOM,3,8,64,4.54,48,23,3800,899,Male
604,Kechaoda A27,4.1,6,32,3.7,64,,3500,980,Female
605,Kechaoda A27,4.1,6,32,3.7,64,23,3500,930,Male
606,Kechaoda K115,4.1,6,32,4.4,48,,2500,935,Female
607,"Vivo S1 (Diamond Black, 128 )",4.5,4,128,6.38,48,8,4700,16990,Male
608,"Samsung Galaxy Note10 Lite (Aura Black, 128 )",4.5,8,128,6.7,35,12,4700,39999,Female
609,"Samsung Galaxy A21s (White, 64 )",4.3,6,64,6.5,48,8,5000,18499,Male
610,"iQOO 3 (Quantum Silver, 128 )",4.4,8,128,6.44,48,13,4440,34990,Female
611,"iQOO 3 (Quantum Silver, 256 )",4.4,8,256,6.44,48,13,4440,37990,Male
612,Blacear B5 Tork,,8,64,4.5,16,,3000,799,Female
613,Micax X421,3.9,6,32,4.77,48,12,2800,982,Male
614,Micax X421,3.9,6,32,4.77,48,,2800,1099,Female
615,"Redmi Note 8 Pro (Electric Blue, 64 )",4.4,6,64,6.53,64,8,4700,16899,Male
616,Samsung Guru 1200,4.3,,64,4.4,64,,3500,1346,Female
617,"Google Pixel 3a (Clearly White, 64 )",4.5,4,64,5.6,35,20,3000,30999,Male
618,Salora VOLT 2,3.9,6,32,4.5,64,,2000,749,Female
619,"Samsung Galaxy A21s (Black, 64 )",4.3,6,64,6.5,48,8,5000,18499,Male
620,Good One Magic,4.1,6,32,4.7,48,12,3000,1499,Female
621,Detel D1 Cha,3.7,6,32,4.5,48,,3000,649,Male
622,"Mi Mix 2 (Black, 128 )",4.3,6,128,5.99,35,12,3000,16999,Female
623,Karbonn K140 Pop,3.9,6,32,4.5,48,,3000,849,Male
624,Lava A1 ,4,6,32,4.5,48,12,4700,1049,Female
625,"Vivo V19 (Piano Black, 256 )",4.4,8,256,6.44,48,8,4700,31990,Male
626,Hicell C5,3.6,6,64,4.5,48,,3500,629,Female
627,"Samsung Galaxy Note10 Lite (Aura Glow, 128 )",4.5,8,128,6.7,35,12,4700,39999,Male
628,Kechaoda K33,4.1,6,32,44,48,,3000,970,Female
629,"OnePlus 7 (Red, 256 )",4.6,8,256,6.41,48,5,3000,35999,Male
630,Kechaoda K-55 Plus,4,8,64,4.77,48,,3500,1045,Female
631,Micax X1i Power,3.9,6,32,4.54,48,12,1750,1110,Male
632,Karbonn KX24,3.9,6,32,4.54,48,,3000,1349,Female
633,"Redmi K20 Pro (Pearl White, 128 )",4.5,6,128,6.39,48,13,3800,24999,Male
634,"Samsung Galaxy A71 (Prism Crush Black, 128 )",4.4,8,128,6.7,64,12,4700,32999,Female
635,I Kall K34 New,3.6,6,64,4.5,48,,3000,649,Male
636,"OPPO Reno3 Pro (Midnight Black, 128 )",4.4,8,128,6.4,64,13,4025,29990,Female
637,"Honor 20 (Midnight Black, 128 )",4.4,6,128,6.26,48,2,3750,22999,Male
638,I Kall K6610,3.5,6,64,4.5,48,,3000,599,Female
639,"iQOO 3 (5G) (Tordo Black, 256 )",4.4,12,25,6.44,48,13,4440,44990,Male
640,Nokia 150,4.2,4,4,4.54,48,,1020,2135,Female
641,"OPPO Reno 10x Zoom (Ocean Green, 256 )",4.5,8,256,6.6,48,13,4065,41990,Male
642,Hicell C2 Dezire,3.4,6,32,4.5,48,,1050,629,Female
643,Hicell C2 Dezire,3.4,6,32,4.5,48,,1050,629,Male
644,"Realme 2 Pro (Black Sea, 128 )",4.5,8,128,6.3,48,2,3500,15490,Female
645,Blacear B5 Nex,3.7,8,64,4.5,64,,1050,799,Male
646,"Vivo V19 (Mystic Silver, 256 )",4.4,8,256,6.44,48,8,4700,31990,Female
647,Lava 34 Plus,4.2,6,32,4.54,64,,2500,1619,Male
648,Micax X750,4.2,6,32,4.54,48,15,2500,1259,Female
649,Nokia 106,4.2,4,4,4.5,64,15,3500,1349,Male
650,Blacear C-99 Sultan,3.6,8,64,4.54,64,15,2500,1079,Female
651,Karbonn K9 SPY,3.9,4,64,4.54,64,,1750,1399,Male
652,Kechaoda A27,4.1,6,32,3.7,64,15,3500,945,Female
653,Kechaoda K115,4.1,6,32,4.4,48,,2500,970,Male
654,Easyfone Royale,4.1,6,32,4.54,48,20,3500,3399,Female
655,"OPPO A9 2020 (Vanilla Mint, 128 )",4.3,8,128,6.52,48,8,5000,15990,Male
656,I Kall K33 New,3.7,6,64,4.54,48,,1500,749,Female
657,"OnePlus 7T Pro (Haze Blue, 256 )",4.6,8,256,6.67,48,1,4085,46969,Male
658,Lava Gem,4.3,6,32,4.58,64,,1750,1799,Female
659,"OPPO F11 Pro (Aurora Green, 128 )",4.4,6,128,6.5,48,5,4700,17990,Male
660,Kechaoda K116 Plus,4,6,32,4.77,48,,3000,980,Female
661,MTR Ferrari,4.1,8,64,4.77,48,18,3000,1275,Male
662,MTR Ferrari,4.1,8,64,4.77,48,18,3000,1275,Female
663,MTR Ferrari,4.1,8,64,4.77,48,18,3000,1275,Male
664,Itel IT 2163,4,6,32,4.5,48,,3000,949,Female
665,"Samsung Galaxy M31 (Ocean Blue, 128 )",4.5,6,128,6.4,64,8,6000,19900,Male
666,"Google Pixel 3a (Just Black, 64 )",4.5,4,64,5.6,35,20,3000,30999,Female
667,Micax X740,3.8,12,64,4.54,48,,2800,1460,Male
668,"OPPO Reno2 (Luminous Black, 256 )",4.5,8,256,6.5,48,8,3800,38990,Female
669,"Samsung Galaxy S10 Lite (Prism White, 128 )",4.5,8,128,6.7,48,12,4700,42999,Male
670,Muphone M380,3.9,6,32,4.4,64,22,3500,890,Female
671,"Samsung Galaxy A50s (Prism Crush Black, 128 )",4.3,4,128,6.4,48,8,3800,18570,Male
672,"OPPO F9 Pro (Twilight Blue, 64 )",4.5,6,64,6.3,48,2,3500,18990,Female
673,Jmax M40,3.7,6,32,4.5,64,,1050,699,Male
674,"Vivo V17Pro (Glacier Ice White, 128 )",4.5,8,128,6.44,48,13,4100,29499,Female
675,Kechaoda K111,4.1,6,32,4.5,48,,3000,985,Male
676,"Redmi Note 6 Pro (Rose Gold, 64 )",4.5,4,64,6.26,35,5,3000,15990,Female
677,Kechaoda K111,4.1,6,32,4.5,48,,3000,985,Male
678,Nokia 105 ss,4.3,4,4,4.5,64,,3500,3000,Female
679,I Kall K11,3.4,6,64,4.5,48,,3000,599,Male
680,"Redmi Note 8 Pro (Gamma Green, 128 )",4.4,6,128,6.53,64,8,4550,17999,Female
681,"Samsung Galaxy S10 Lite (Prism Blue, 512 )",4.5,8,128,6.7,48,12,4700,47999,Male
682,"Blacerry Evolve (Black, 64 )",3.7,4,64,5.99,38,13,3800,24999,Female
683,"POCO F1 (Steel Blue, 128 )",4.5,6,128,6.18,35,5,3800,18999,Male
684,"Samsung Galaxy A70s (Prism Crush Red, 128 )",4.4,8,128,6.7,64,5,4700,29999,Female
685,"POCO F1 (Graphite Black, 256 )",4.5,8,256,6.18,35,5,3800,22999,Male
686,Megus Ultra,3.9,6,32,4.54,64,,4100,1099,Female
687,"OPPO A9 (Marble Green, 128 )",4.4,4,128,6.53,48,2,3500,16490,Male
688,Jmax M40 Coo of Two,3.8,6,32,4.5,64,,1050,1299,Female
689,Easyfone Star,3.8,6,32,4.7,64,22,2500,3999,Male
690,"Wizphone WP (Black, 16 )",,2,16,5.5,8,,4200,5498,Female
691,Kechaoda A27,4.1,6,32,3.7,64,22,3500,990,Male
692,"Redmi Note 6 Pro (Rose Gold, 64 )",4.5,6,64,6.26,35,5,3000,16675,Female
693,Micax X381,3.8,6,32,4.77,48,,3000,995,Male
694,Micax X381,3.8,6,32,4.77,48,5,4700,959,Female
695,BlackZone ATOM,3,8,64,4.54,48,,3800,699,Male
696,"Vivo Y15 (Burgundy Red, 64 )",4.4,4,64,6.35,38,2,5000,12900,Female
697,I Kall K28 Coo of Two Mobiles,3.4,6,64,4.54,20,,3500,1199,Male
698,I Kall K28 Coo of Two Mobiles,3.4,6,64,4.54,20,5,3500,1299,Female
699,Lava 34 ,4,6,32,4.54,64,,2500,1699,Male
700,"OPPO A9 (Fluorite Purple, 128 )",4.4,4,128,6.53,48,2,3500,16490,Female
701,Lava A1,4.2,12,24,4.77,48,,3500,999,Male
702,"Mi 10 (Twilight Grey, 128 )",4.6,8,128,6.67,26,20,4780,51987,Female
703,"Mi 10 (Coral Green, 256 )",4.6,8,256,6.67,26,20,4780,53990,Male
704,I Kall K25 Coo of Two Mobiles,3.5,6,64,4.5,48,5,3000,1199,Female
705,I Kall K25 Coo of Two Mobiles,3.5,6,64,4.5,48,,3000,1099,Male
706,"Nokia 2.3 (Sand, 32 )",4,2,32,6.2,38,2,3800,9499,Female
707,Good One Magic,4.1,6,32,4.7,48,,3800,1399,Male
708,I Kall K24 New Coo of Two Mobiles,3.6,6,64,4.5,48,5,3000,1099,Female
709,"Huawei Y9 Prime 2019 (Sapphire Blue, 128 )",4.3,4,128,6.59,48,8,3800,16899,Male
710,"Vivo S1 (Diamond Black, 128 )",4.4,6,128,6.38,48,8,4700,19990,Female
711,ITEL magic 1 max,3.9,8,8,4.58,48,,1900,1680,Male
712,"Samsung Galaxy A80 (Ghost White, 128 )",4.4,8,128,6.7,48,8,3000,40900,Female
713,I kall k6300 NEW,3.9,6,32,4.58,48,,3000,1499,Male
714,I kall k6300 NEW,3.9,6,32,4.58,48,,3000,1499,Female
715,I Kall K 54,3.6,6,32,4.5,48,8,3000,639,Male
716,Detel D1 Cha,3.7,6,32,4.5,48,,3000,645,Female
717,I Kall K33 New,3.7,6,64,4.54,48,8,1500,749,Male
718,Nokia 105 SS,4.3,4,4,4.77,64,,3500,1349,Female
719,"Honor 20 (Sapphire Blue, 128 )",4.4,6,128,6.26,48,2,3750,22999,Male
720,"Redmi K20 Pro (Carbon Black, 256 )",4.5,8,256,6.39,48,13,3800,29999,Female
721,I Kall K11 Coo Of Two Mobile,3.4,6,64,4.5,48,,3000,1099,Male
722,Nokia 3310 DS,3.8,4,64,4.54,48,,1200,4277,Female
723,Karbonn K24 Plus Pro,3.8,6,32,4.54,48,,2800,1390,Male
724,Micax X742,3.8,6,32,4.54,25,11,3800,1280,Female
725,Micax X1i-2017,3.9,6,32,4.54,48,13,3000,1350,Male
726,Nokia TA-1010/105,4.3,4,4,4.5,64,14,3500,1269,Female
727,MTR Ferrari,4.1,8,64,4.77,48,,3000,1275,Male
728,"POCO F1 (Armoured Edit, 256 )",4.5,8,256,6.18,35,5,3800,22999,Female
729,I Kall K3312 Coo,3.5,6,64,4.5,48,20,3000,1199,Male
730,"Alcatel 1 (Metallic Blue, 8 )",2.8,1,8,5,8,,2000,4999,Female
731,"Alcatel 1 (Metallic Black, 8 )",2.8,1,8,5,8,,2000,4999,Male
732,"OnePlus 7 (Mirror Grey, 256 )",4.6,8,256,6.41,48,5,3000,36999,Female
733,"OnePlus 7 (Mirror Grey, 128 )",4.6,6,128,6.41,48,5,3000,32999,Male
734,"Samsung Galaxy S10 Lite (Prism White, 128 )",4.5,8,128,6.7,48,12,4700,42999,Female
735,Muphone M380,3.9,6,32,4.4,64,,3500,890,Male
736,"OPPO Reno2 (Luminous Black, 256 )",4.5,8,256,6.5,48,8,3800,38990,Female
737,I Kall K28,3.4,6,64,4.54,20,,3500,639,Male
738,"Samsung Galaxy A50s (Prism Crush Black, 128 )",4.3,4,128,6.4,48,8,3800,18570,Female
739,"OPPO F9 Pro (Twilight Blue, 64 )",4.5,6,64,6.3,48,2,3350,18990,Male
740,Jmax M40,3.7,6,32,4.5,64,,1050,699,Female
741,"Samsung Galaxy A70s (Prism Crush White, 128 )",4.2,6,128,6.7,64,5,4700,25900,Male
742,"Vivo V17Pro (Glacier Ice White, 128 )",4.5,8,128,6.44,48,13,4100,29499,Female
743,Kechaoda K111,4.1,6,32,4.5,48,,3000,985,Male
744,Kechaoda K111,4.1,6,32,4.5,48,,3000,985,Female
745,"LG V30+ (Black, 128 )",4.3,4,128,6,48,13,3000,24999,Male
746,Nokia 105 ss,4.3,4,4,4.5,64,,3500,3000,Female
747,I Kall K11,3.4,6,64,4.5,48,,4700,599,Male
748,"Samsung Galaxy A50 (White, 64 )",4.4,6,64,6.4,48,5,3800,18999,Female
749,"Apple iPhone 11 Pro (Space Grey, 512 )",4.7,8,64,5.8,35,12,3500,140300,Male
750,"Samsung Galaxy S10 Lite (Prism Blue, 512 )",4.5,8,128,6.7,48,12,4700,47999,Female
751,"Samsung Galaxy A70s (Prism Crush Red, 128 )",4.4,8,128,6.7,64,5,4700,29999,Male
752,"Blacerry Evolve (Black, 64 )",3.7,4,64,5.99,38,13,3800,24999,Female
753,"POCO F1 (Steel Blue, 128 )",4.5,6,128,6.18,35,5,3800,18999,Male
754,"POCO F1 (Graphite Black, 256 )",4.5,8,256,6.18,35,5,3800,22999,Female
755,"OPPO A9 (Marble Green, 128 )",4.4,4,128,6.53,48,2,4020,16490,Male
756,Megus Ultra,3.9,6,32,4.54,64,11,4100,1099,Female
757,Jmax M40 Coo of Two,3.8,6,32,4.5,64,,3500,1299,Male
758,Easyfone Star,3.8,6,32,4.7,64,12,2000,3999,Female
759,"Wizphone WP (Black, 16 )",,2,16,5.5,8,,4200,5498,Male
760,Kechaoda A27,4.1,6,32,3.7,64,,3500,990,Female
761,"OnePlus 7 Pro (Nebula Blue, 256 )",4.5,8,256,6.67,48,8,3800,42990,Male
762,"OnePlus 7 Pro (Mirror Grey, 128 )",4.6,6,128,6.67,48,8,3800,42990,Female
763,"Samsung Galaxy S10 Lite (Prism Black, 512 )",4.5,8,128,6.7,48,12,4700,47999,Male
764,InFocus POWER 2,4.1,8,64,4.54,64,,2500,1199,Female
765,"Apple iPhone 8 (Silver, 64 )",4.5,8,64,4.7,35,7,3500,38999,Male
766,"Samsung Galaxy S20+ (Cloud Blue, 128 )",4.5,8,128,6.7,64,1,4700,77999,Female
767,Blacear I7 Trio,3.7,6,32,2,64,,1550,1699,Male
768,Micax X742,3.8,6,32,4.54,25,15,2500,1240,Female
769,Karbonn KX23,4,6,32,4.54,48,11,1900,1399,Male
770,Lava A3,4.2,4,3,4.77,48,,1750,1299,Female
771,Karbonn K451 Power,3.8,6,32,4.54,48,,3000,1349,Male
772,"Apple iPhone 11 Pro Max (Space Grey, 64 )",4.7,8,64,6.5,35,12,3500,117100,Female
773,"Apple iPhone 11 Pro (Silver, 512 )",4.7,8,64,5.8,35,12,3500,140300,Male
774,"Samsung Galaxy S10 (Prism White, 512 )",4.6,8,128,6.1,48,12,3000,563000,Female
775,"OnePlus 6T (Speed Orange, 256 )",4.1,10,25,6.41,48,2,3000,39999,Male
776,Lava A1,4.2,12,24,4.77,48,,3000,1149,Female
777,"Micax Canvas Infinity (Black, 32 )",4.1,3,32,5.7,38,1,2900,9990,Male
778,Lava A1 Josh,4.2,4,64,4.5,64,22,3500,1098,Female
779,Lava A1 Josh,4.2,4,64,4.5,64,,3000,1099,Male
780,Micax X749,4.2,6,32,4.54,48,22,1750,1390,Female
781,I Kall K3312 Coo,3.5,6,64,4.5,48,22,3000,1199,Male
782,Peace P4,3.5,8,25,4.5,48,22,3500,697,Female
783,I Kall k111 new,3.6,6,64,4.54,48,14,3000,699,Male
784,Blacear i7 Trio,3.8,12,24,2,64,14,1550,1690,Female
785,Karbonn K334,3.7,6,32,4.77,48,12,1750,927,Male
786,Snexian Guru 332,,6,32,4.5,64,21,3000,649,Female
787,Snexian Guru 332,,6,32,4.5,64,32,3000,649,Male
788,Snexian Guru 324,,6,32,4.5,64,,3000,649,Female
789,Snexian Guru 324,,6,32,4.5,64,12,3000,649,Male
790,Kechaoda K2,3.9,6,32,4.5,48,,3000,900,Female
791,Jivi R21Plus,4.3,1,16,4.5,48,8,3000,869,Male
792,Jivi R21Plus,4.3,1,16,4.5,48,8,3000,798,Female
793,"Redmi K20 (Glacier Blue, 128 )",4.5,6,128,6.39,48,13,4030,24999,Male
794,Nokia 105,4.2,4,4,4.5,64,13,3500,1575,Female
795,"Moto One (White, 64 )",4.1,4,64,5.9,38,2,3000,14999,Male
796,Nokia 105 SS,4.3,4,4,4.77,64,,3500,1349,Female
797,"Vivo V17Pro (Midnight Ocean Black, 128 )",4.5,8,128,6.44,48,13,4100,29499,Male
798,"LG Q7+ (Black, 64 )",3.4,4,64,5.5,48,5,3000,13999,Female
799,Jivi N3,4.1,6,32,4.54,64,20,3500,949,Male
800,"Samsung Galaxy A50 (Blue, 64 )",4.4,6,64,6.4,48,5,3800,18999,Female
801,Nokia 105,4.2,4,4,4.5,64,13,3500,1599,Male
802,"Vivo Y91i (Ocean Blue, 16 )",4.4,2,16,6.22,38,5,4030,9350,Female
803,Micax X1i-Pop,4.1,4,40,4.77,48,,3000,1080,Male
804,Nokia 3310 DS,3.8,4,64,4.54,48,13,1200,3580,Female
805,Lava 34 ,4,6,32,4.54,64,11,2500,1695,Male
806,Easyfone Amico,3.5,6,32,4.52,48,,3500,2599,Female
807,"Apple iPhone 11 Pro Max (Gold, 64 )",4.7,8,64,6.5,35,12,3500,117100,Male
808,"Black Shark 2 (Shadow Black, 128 )",4.4,6,128,6.39,48,12,3800,31999,Female
809,"Samsung Galaxy S8 Plus (Midnight Black, 64 )",4.6,4,64,6.2,35,8,3500,53990,Male
810,InFocus POWER 2,4.1,8,64,4.54,64,,2500,1390,Female
811,InFocus Vibe 1,3.6,6,32,4.5,48,,3000,898,Male
812,"OPPO A5s (Gold, 64 )",4.3,4,64,6.2,38,2,4230,15656,Female
813,Gfive U229 Coo of Two,3.9,6,32,4.5,64,,3000,1089,Male
814,Nokia 105 SS,4.3,4,4,4.77,64,,3500,1349,Female
815,"Moto One (White, 64 )",4.1,4,64,5.9,38,2,3000,14999,Male
816,Nokia 105,4.2,4,4,4.5,64,13,3500,1575,Female
817,"Redmi K20 (Glacier Blue, 128 )",4.5,6,128,6.39,48,13,3800,24999,Male
818,"LG Q7+ (Black, 64 )",3.4,4,64,5.5,48,5,3000,13999,Female
819,Jivi N3,4.1,6,32,4.54,64,20,3500,949,Male
820,Nokia 105,4.2,4,4,4.5,64,13,3500,1599,Female
821,"Vivo Y91i (Ocean Blue, 16 )",4.4,2,16,6.22,38,5,4030,9350,Male
822,"Samsung Galaxy A50 (Blue, 64 )",4.4,6,64,6.4,48,5,3800,18999,Female
823,Lava 34 ,4,6,32,4.54,64,,2500,1695,Male
824,Nokia 3310 DS,3.8,4,64,4.54,48,15,1200,3580,Female
825,Micax X1i-Pop,4.1,4,40,4.77,48,15,3000,1080,Male
826,Easyfone Amico,3.5,6,32,4.52,48,,3500,2599,Female
827,"Apple iPhone 11 Pro Max (Gold, 64 )",4.7,8,64,6.5,35,12,3500,117100,Male
828,"Samsung Galaxy S8 Plus (Midnight Black, 64 )",4.6,4,64,6.2,35,8,3500,53990,Female
829,"Black Shark 2 (Shadow Black, 128 )",4.4,6,128,6.39,48,12,3800,31999,Male
830,InFocus Vibe 1,3.6,6,32,4.5,48,,3000,898,Female
831,Karbonn K24 Plus Pro,3.8,6,32,4.54,48,12,2800,1299,Male
832,InFocus POWER 2,4.1,8,64,4.54,64,,2500,1390,Female
833,"Alcatel 5V (Spectrum Blue, 32 )",4.4,3,32,6.2,48,1,3800,9790,Male
834,JIVI JV 12M,3.7,10,32,4.5,64,,3500,799,Female
835,Blacear B5 Grip,3.5,6,32,4.5,64,15,1050,799,Male
